{
    "model_parameters": {
        "type" : "generic",
        "system_parameters":{
            "mass"      : [[1.036, 0.0, 0.0], [0.0, 1.036, 0.0], [0.0, 0.0, 0.518]],
            "stiffness" : [[1220.0, -610.0, 0.0], [-610.0, 1220.0, -610.0], [0.0, -610.0, 610.0]],
            "damping"   : [[3.55, -1.3, 0.0], [-1.3, 3.55, -1.3], [0.0, -1.3, 1.77]],
            "height_coordinates" : [3.5, 7.0, 10.5]
        },
        "initial_conditions":{
            "displacement"  : [0.1, 0.15, 0.45],
            "velocity"      : [0.01, 0.015, 0.045],
            "acceleration"  : [0.02, 0.03, 0.09],
            "external_force": [1.2, 2.3, 4.1]
        }
    },
    "time_integration_scheme_parameters":{
        "type" : "bdf2",
        "settings": {
        }
    },
     "solver_parameters": {
         "buffer_size": 3
     },
     "output_parameters":{
        "file_name": "mdof_solver/results_mdof_generic.dat"
     }
}