{
    "model_parameters": {
        "type" : "sdof",
        "system_parameters":{
            "mass"              : 1.0,
            "target_frequency"  : 2.0,
            "damping_ratio"     : 0.0
        },
        "initial_conditions":{
            "displacement"  : 0.1,
            "velocity"      : 0.0,
            "acceleration"  : 0.0,
            "external_force": 0.0
        }
    },
    "time_integration_scheme_parameters":{
        "type" : "bdf2",
        "settings": {
        }
    },
     "solver_parameters": {
         "buffer_size": 3
     },
     "output_parameters":{
        "file_name": "mdof_solver/results_sdof.dat"
     }
}
